wallet_address,ml_credit_score
0x00000000af5a61acaf76190794e3fdf1289288a1,99.99999999999997
0xaae697f9bfea16b2010cdcd06e1fb7d46d6b8986,99.99999999999997
0xaaa19ee6f40b1fc5749259a21a40be71386f334f,99.99999999999997
0xaaa239bf007fb434e1e4b59a82d7dfa973c6e97b,99.99999999999997
0xaaa24678f36c28baa3beaf86bd065dd18a85df24,99.99999999999997
0xaaa407de6773855dc18c502f74dd2965c4ae291d,99.99999999999997
0xaaa4ab4966e54d856bf2fb33a850285b30ed45e3,99.99999999999997
0xaaa62dfeb5f428c4c7b03743ebc7ac1e7bc4bc8e,99.99999999999997
0xaaa98ad76fd8294f5e89654dda929a233ae65ce8,99.99999999999997
0xaaa9f76928ae8fc3f02eca773901c4bb1dde57fe,99.99999999999997
0xaab2a1790d52ee5fa2408d6ec93b85e40208a907,99.99999999999997
0xaab39e659f4371cff8ec85f95797a6d603528d17,99.99999999999997
0xaabb2e7ce70786cba0f35d2eaee51399146ca3eb,99.99999999999997
0xaac0a48e88a8985f642b4dfe244530736e6929a0,99.99999999999997
0xaac7268cc9f1137bf5d7312babb96acbb76ac8d3,99.99999999999997
0xaac7f17c51dfabdd2b4660312e5e39b7c2d3d270,99.99999999999997
0xaac807f60bb3327b7d433f219b55c2052e556d44,99.99999999999997
0xaac838f5e1b6fe3a5da1ba583825d8f53402a493,99.99999999999997
0xaac88ae5d518cad5f06355ba62f45681dd197b5f,99.99999999999997
0xaaca1560b7eb957f4c90e88803a6da29480d8325,99.99999999999997
0xaacb53d9ada6825be17020a445c6e9c21a22fe34,99.99999999999997
0xaad15191d9d971a313bd679a63b37d4aed96b382,99.99999999999997
0xaadaf3178430bbeee0fa778e5a7df4fa585d7d9f,99.99999999999997
0xaae170d4094ff99002c3eac52436cda7ed21b933,99.99999999999997
0xaae52afdfdb5d52d717bb114e4bd62b39a949adb,99.99999999999997
0xaa9fea232259dc9067b09197418ae8c80d4b3e64,99.99999999999997
0xaa95db6b03738794b6478ccd08626ca5335f4517,99.99999999999997
0xaa92bd09701d53a0f8089a93c354c03c73114450,99.99999999999997
0xaa666dd5b7db78516a812b772fe5c1d67c66f270,99.99999999999997
0xaa25a82e1407e9580d0daefe075e2cc6473da938,99.99999999999997
0xaa27e13d3a4cee5f7dc01926fc5e21fb4ed9dbff,99.99999999999997
0xaa2b97694b4c07c1e85d722bb7ec5bbd39bc2a4f,99.99999999999997
0xaa3e73672061b633c5afad5c77c79c473a196c10,99.99999999999997
0xaa4523a4de7d7458a966696b2e26b192a8aa275c,99.99999999999997
0xaa48de841eaeb79deca9f7f39858ff285080f4b8,99.99999999999997
0xaa4dd4088529ef28afcad47be86b4d1779946347,99.99999999999997
0xaa4ea09024f58c63d39d1d2e99e92212981b8b91,99.99999999999997
0xaa50bee37f94765b381caed60acfa112fea78b81,99.99999999999997
0xaa5d7439f7f37961327cae046fc90f22a4688801,99.99999999999997
0xaa679e4ee126f49c4c7e06bffae0f64562e74deb,99.99999999999997
0xaa9170486ec1b1a27ad4c82a5d50f7b9c7c3086f,99.99999999999997
0xaa68ca8521a09e697f8cbf125e916a742be21b0c,99.99999999999997
0xaa699217634a680b8575a937ec8ddda1432cdea3,99.99999999999997
0xaa6b17591b75cf687afce0434e66790048f54312,99.99999999999997
0xaa7d3ed068cf89dec6be8838af01c2cb58a6bf14,99.99999999999997
0xaa81f437162aa03c932f153b071e60318d0d644d,99.99999999999997
0xaa847e42611e72908de728463a0db61d2d62f7ff,99.99999999999997
0xaa85bea76836b415327c792cb7cddd506cc26655,99.99999999999997
0xaa88426a2f1f70b969e23d52af97a068bac0e2f7,99.99999999999997
0xaa8d240e3c880d0328a4dcaa654d754f38b7338a,99.99999999999997
0xaa8e2e0d59dc2acededb3be9dec442f7671ffeb9,99.99999999999997
0xaae54d09b51548632680a9b91cbc107042abe3eb,99.99999999999997
0xaaed8f7c0729f53479774dfe4c2502890db06a7e,99.99999999999997
0xac0c75c77fb9a4f9273c8893a159d1e998a2782e,99.99999999999997
0xaaf0c68ef43a0b94f76a204b0578092cfb1d375d,99.99999999999997
0xab9e218b136834bb24a31eee5e05ad59c69d0ade,99.99999999999997
0xab9e7a11a4081203813acdc25b8699fe3a53a5d0,99.99999999999997
0xaba49515f29f824de5cf6c39f278575feda6ab92,99.99999999999997
0xabaca9b14ab36667aa04ae7685644091faad5307,99.99999999999997
0xabb4b37098da48b1cd9c6f0a2ccdd6120718c28d,99.99999999999997
0xabc4663949dda51b438972d92ff8489816701767,99.99999999999997
0xabc62d3c1a84a86b73b896fb6a411af73856ef79,99.99999999999997
0xabccb8f0a3c206bb0468c52ccc20f3b81077417b,99.99999999999997
0xabd23be3a2ad0810c11d1e95c5497642b41c531b,99.99999999999997
0xabd7f063bdbfa34d702ab041ff20a16741984211,99.99999999999997
0xabd96a99555b8f22aa2b78c1b0ff2bddc2a598f7,99.99999999999997
0xabdb1f94bff885bd8933ac4f8aaacda4326491de,99.99999999999997
0xabdc9796fd1febe7377ecbb91be9ecdff4b5e977,99.99999999999997
0xabdf9e9830d1689effd52576283b3d17cf6619b5,99.99999999999997
0xabe4bc276c7b82ab4516734bb01e90d0ded624f2,99.99999999999997
0xabe65a54b5b5db177434ef4a84cf4b1512449e0c,99.99999999999997
0xabeab690bd56d307f4bb3b59c2f209c353ee057d,99.99999999999997
0xabee9ca0959298de5c89fd25552d11ea21e9d2e3,99.99999999999997
0xabf1f839862e4f1a28f7ed1bbdce8226fea493db,99.99999999999997
0xabf26352aadaaa1cabffb3a55e378bac6bf15791,99.99999999999997
0xabf475bae63395c96916a27ebcc0fc70ba5f4e64,99.99999999999997
0xabfc0e430e71d252d970e24536e02ff4223be434,99.99999999999997
0xac09148957c66287c986cf8fa4ea80b53d59e5af,99.99999999999997
0xab9d85327b2af68bf501be460e3bbe222e2637fa,99.99999999999997
0xab98b4a0470c530ec1a63d5369c0787f76cf6b1f,99.99999999999997
0xab9891ea40c5b4107a80007df0b6c498bf3a9cb3,99.99999999999997
0xab5162e85537f45fd4cb8d2d0b85479d8e693216,99.99999999999997
0xaaf4d001080b511df8ad90090c435ac1affc5a1a,99.99999999999997
0xab02afed11d5ff29323108231cdb2ddf8f1fc44d,99.99999999999997
0xab04cad5755d150d384fe6b1bd3dedeca670a01e,99.99999999999997
0xab17ad9d52693ad637ac1d3780241963a4ad999f,99.99999999999997
0xab208ac1c00e852ed4ccabd8c1bf374d6e168483,99.99999999999997
0xab2a61341760e3fc344abad3be65c2772d8b2920,99.99999999999997
0xab2b9a9b451c1e691ccd359d8d9c08d2f87b462d,99.99999999999997
0xab34a92f0d0000ce2c352e4c636d1dcf56ec2773,99.99999999999997
0xab3b78d0d999930863d092ac1dbed66fe9fdec37,99.99999999999997
0xab49e196f6f72b9db478ff55b00ef54477feacd7,99.99999999999997
0xab61719309bf30cda379b45ac33326b24261f956,99.99999999999997
0xab95c29198f082b86c2eed5b7c18aa5b80802394,99.99999999999997
0xab696f0470eebae1b17f556c3cc38f968fa9533f,99.99999999999997
0xab72a8863b7ee42d4d755cfacda0dc70b316a2d1,99.99999999999997
0xab788a8c40e490f4f522dfbbd0af72f32255a354,99.99999999999997
0xab7fce1fdac5107bc92499d70fd73c52b15e777d,99.99999999999997
0xab8791b0ae982187b4fb4ae4612bd4c29ec6c110,99.99999999999997
0xab887826bb83730c1d539975629204f45fdede2a,99.99999999999997
0xab8f9f84fbd38414eb9346001dac8734f31bf969,99.99999999999997
0xab94900a118438c84a48fe2207c655e77ed74270,99.99999999999997
0xab954999c2147230ccf302513fdd88e37798f476,99.99999999999997
0xab95a0fb53df696a492a93f30fa126bde2493043,99.99999999999997
0xaa228431cc2b3db67b456e5be5d6877070ed63ab,99.99999999999997
0xaa1e39feb2ec9e05bf7d7d33e7c5286c096a426f,99.99999999999997
0xaa18139399aefc81da763e0270fdb946afc24be5,99.99999999999997
0xaa08f12ce1c3a9fc7db96378f1a87e4a7dc58854,99.99999999999997
0xa8b503eceec6bf42fdaed3096f6c6e66ebc54684,99.99999999999997
0xa8b6a1ff91a3506e05224ba87b2dc2c315b4057f,99.99999999999997
0xa8ba8ad50ffdddb8fd357424fc1d87721486df09,99.99999999999997
0xa8bbd768ae1bae2e29e3cea581e4d21b30727e17,99.99999999999997
0xa8bcfa67a0461a4db479be962e76b78b64391301,99.99999999999997
0xa8bf16be6829d8eb167b62e11517cd01623d7ec6,99.99999999999997
0xa8caa6372cc915a7f839b03a506786c1ce571fc7,99.99999999999997
0xa8cd9788caaab894623ea82c8e1bf3e2a014858c,99.99999999999997
0xa8d4b86c98c847c59b0c263a15254fe4a2d1558b,99.99999999999997
0xa8d4d950705cb4761f2e8eafe9e6c29eef75deaa,99.99999999999997
0xa8d7046b64fdce427aae97a113ca034aeba58195,99.99999999999997
0xa8d7b03f69ed4b26de7f81e4be16c79a20df6606,99.99999999999997
0xa8d7fb04877c3fbf175de76fa3d2fa66c770537f,99.99999999999997
0xa8da1b130d8ed0bd384a363e66f69fddf3b63728,99.99999999999997
0xa8dda311f6cd42a470474535c12926f54e4660e7,99.99999999999997
0xa8e089b31667105233dc69360c6e73c998606f42,99.99999999999997
0xa8e2c964ecdbbb33fb57a3d9d59a607cf3160530,99.99999999999997
0xa8e2f2493e60557603ee1b971c65a5711b1f8a75,99.99999999999997
0xa8f0299b764332670410881eaffd6253eb843d4a,99.99999999999997
0xa8f0b0b9ea90cbbed60b615c1fd892099156ebcb,99.99999999999997
0xa8f32cceb477d30a5e6603b498f01c6170175f1f,99.99999999999997
0xa8fe6b0586653170f28ea1f12b5cf7f7cc6d4c2a,99.99999999999997
0xa900f41187fffa3524ba8243cd1570bcb338f710,99.99999999999997
0xa8b47aa6243fa0d8691593ecb359d01b96e0fa57,99.99999999999997
0xa8ac950edc4af5638676df4da8701be7ac0e7f27,99.99999999999997
0xa8a6d153c3c3f5098eec885e6c39437de5ca74fd,99.99999999999997
0xa8665bcf4433fd79ca3665aaf7f6f2a8180fab66,99.99999999999997
0xa84aa8d0f9e3bf701cebf421b584becfc714881c,99.99999999999997
0xa8502b841d9fcd5d2a4c7439a13e87796aed56a1,99.99999999999997
0xa8560117ccbe413074c420f3fa83f842b65e0999,99.99999999999997
0xa85702f8bdf847f8765fb142e3ab2f25a46adb71,99.99999999999997
0xa85a8e32fdb79f411715110655d81659055c3832,99.99999999999997
0xa85efd19852f56990a708d5d38d49552e8c75512,99.99999999999997
0xa85f0d90aed5215d0e8f4712a8356817c63d7f17,99.99999999999997
0xa8610096115a333b9dc5bf63049d2190be1600fd,99.99999999999997
0xa86263fc27f54c32e3187a323ebcfbeaecf63a99,99.99999999999997
0xa866598d762b9f4095277c5dec8c92f8548cc676,99.99999999999997
0xa868861f5d8453bc0790861b0975730d16c37afd,99.99999999999997
0xa8a2b9ab2807bd11eeffdb86052e4122bb2a0719,99.99999999999997
0xa868f082754ee4b5dc8b8165b89aa6c3abab51f1,99.99999999999997
0xa869458fdd355c1d1db91d08dd45f5be13e53d0f,99.99999999999997
0xa8696af071914351810dd5abb03bc938cea2830f,99.99999999999997
0xa86e0e58f074e0e929114a07f3110955b2605898,99.99999999999997
0xa87259f8e14364953d91f8541a7ba0b32e5e7008,99.99999999999997
0xa87ab61574a159ee2466ed44dadcd7b9fb292ec1,99.99999999999997
0xa8896a4e03caf88dc90120f32ae2235922549c5c,99.99999999999997
0xa8925e8bcd509c59152466e7e4476a6a9c45b899,99.99999999999997
0xa893d0e51977814ec4be80a4b35e3b89446141f7,99.99999999999997
0xa8a2029e449b25145cb1f679f1054df12aba0f34,99.99999999999997
0xa901368aec255b1e6df31edf8aa735ff16bb12a8,99.99999999999997
0xa906bbdcf2fe772979dbaf0c6c53c7b0349bbafd,99.99999999999997
0xa9082e035c8b5d19cf674e2811242a04237b4d37,99.99999999999997
0xa9e2720613868740b9cc7d2ccc239e33a5360531,99.99999999999997
0xa9b59bb4a7fa8c8c1d4ebc1992ef86ce451c94b8,99.99999999999997
0xa9b8837e8b41d8a63f10f3f782004d8981b2c5ca,99.99999999999997
0xa9bbd5b83ffc706342555e4a38c9c06b2e7441e5,99.99999999999997
0xa9cd2c0605c5572849c5c3b8abf98f5f9ee85efa,99.99999999999997
0xa9d43d5b22e5eb975df03f54a90e4d630f448f4b,99.99999999999997
0xa9d5676d172f9d1693192ae910c49087dbaa88fb,99.99999999999997
0xa9d635cee2e9b3de7015f17e111153eea9f5fa87,99.99999999999997
0xa9d706c9c1bb9ce442e76704b2ab737e9264f912,99.99999999999997
0xa9dcf5caf4db81533cba6622dd922f3678b1b2a5,99.99999999999997
0xa9df06489f88bd414e5604a98df04dbe3d1f7452,99.99999999999997
0xa9e43080a32a7dca4de0fec92efeb70befef81df,99.99999999999997
0xa9a613ee4fd67b2fe5b1c313ee75ef21ffa4b744,99.99999999999997
0xa9e4a82f0ccf372dfce67ffd632e89b9857ae73f,99.99999999999997
0xa9e5c25af507aaa3ee7c4c625f9ed17423b42f4c,99.99999999999997
0xa9e63a570ce0acc938316742a903e4d5c43c81c8,99.99999999999997
0xa9eb0e4da3e799a162d3e8459c8f386ef841ceba,99.99999999999997
0xa9ed59f14903aa3409fd6765d053f186ac4d01ef,99.99999999999997
0xa9ee140bfe20a7a5f9e170c6e89ec4b0906d297d,99.99999999999997
0xa9f1308a561d83ed3721d8a7871fe14c8184f576,99.99999999999997
0xa9f46460f25d163f6cbe2eba9a7e6fb36ac31f83,99.99999999999997
0xa9fd7672d386e59c8aa0bd34bbfb6af99537ac1d,99.99999999999997
0xaa0070cb01a932765ad6e80866ee1a9209f56331,99.99999999999997
0xa9b5913ca8da76fd2c9f74042df259015ea690e3,99.99999999999997
0xa9a063896580d43cabf1fa8a752787a8452ed7c2,99.99999999999997
0xa90ee75e65b9d6b5fb7d8ae48a5e2bbb97febce9,99.99999999999997
0xa94314a959f5391e0d5c8f1d8d7fd6f5e679a582,99.99999999999997
0xa911e9af1747ced514b0596d85504a0501a5fd88,99.99999999999997
0xa916b82ff122591cc88aac0d64ce30a8e3e16081,99.99999999999997
0xa918add8803e65e97410ec42ae359dfe6663a8a6,99.99999999999997
0xa91afd5d90f13812c1f97945e35cf12873cbd6e3,99.99999999999997
0xa91dc7565c2162bd81eb1eb9f5e8c6300143a507,99.99999999999997
0xa91f4ad4e2740939b858a2ef728254f1cfb7cd20,99.99999999999997
0xa925f2b125657f237493623466766723efbb102a,99.99999999999997
0xa9333685543e62176a091a86574e0ca3acd30d7d,99.99999999999997
0xa93c148c31333e15b0c30bbf802bae0428203132,99.99999999999997
0xa94237bd647e820b6740ebbd77285fb3a200ae1c,99.99999999999997
0xa951b9c8c280aa965fe3860650f123c1aad42eb4,99.99999999999997
0xa99b8fb88382d12b8ea19869fe0b0ebe381a5a3d,99.99999999999997
0xa958c1420f6601d21ba2b426584b4e368fb3f162,99.99999999999997
0xa95f67ba56f1fa2cbb16c1351a427c1347576556,99.99999999999997
0xa96318b9904712277b29c111923b83eafc11be72,99.99999999999997
0xa963637f4d3b80617f09d0c05517ffef97848e42,99.99999999999997
0xa969bff699aad8d935fb3e633c1fa6881cedb1fe,99.99999999999997
0xa97cbdd24bb3fe40fd425dfcb14131646980cf04,99.99999999999997
0xa97e59e27a73b019a83e5fcf58823ab0a7612463,99.99999999999997
0xa97fb8b46eae52ce8d86f6c4862abd3d37407464,99.99999999999997
0xa9911182421b6bad13d188914d602f7924de840e,99.99999999999997
0xa9995a0674202c246e4d896a6209675a2fd81e53,99.99999999999997
0xac0bf430c03f1b70f94889965b9bf318880595e8,99.99999999999997
0xac0fcef012f7fec5b170ddd81b51e25cc178c0ff,99.99999999999997
0xb02df6d7d11c7b4646c37e59ba650daa47390ecf,99.99999999999997
0xaf30dc15c36782a796a91f48305de7b63ac42d17,99.99999999999997
0xaeb4d487f4066b41af8f99f30ec3ad40cd47a5b1,99.99999999999997
0xaeb84158bbd553d4fbb152a403c7bdaf5e10517d,99.99999999999997
0xaec0d9389d27359c4eda77a81eeb71b1e68c2ada,99.99999999999997
0xaed614bf8e5a3d6e180536da05252d450ac7d3ba,99.99999999999997
0xaedc687fa5376d2fe9d4b81ebfc8c2ba30ba54ae,99.99999999999997
0xaedd44ca31d12a2693b95a083ef7ed7ca8b78ee6,99.99999999999997
0xaee56241961ca8a9270253737c782e3406fafafc,99.99999999999997
0xaee84ed6958d3e0f6c15ad047a8ab10047ff9705,99.99999999999997
0xaeea54a9f2197bde2a0acbc553a943743e418c5d,99.99999999999997
0xaeeb12ba61dc64de098d8072ef2bd992171b95de,99.99999999999997
0xaeebe2d33fbdf50684161d1c1ed29a42ac915841,99.99999999999997
0xaeec62d9a6aeea90e720914b16cb1bbf25f77611,99.99999999999997
0xaef1a4076e8d38545002881b2089b3a7300e22f5,99.99999999999997
0xaef23ca0ebdfa98c036e724df028572bf89251e9,99.99999999999997
0xaefb46102b1c65fb26ff5748f941038c9612034f,99.99999999999997
0xaf04d3eaeb08fabe926c945c78171cf1a000b79d,99.99999999999997
0xaf06a24b82c1b79bd608395757d743dfafa817cd,99.99999999999997
0xaf07bc8232d580656ae296f1dee99bfe1a70b0b7,99.99999999999997
0xaf0939af286a35dbfab7ded7c777a5f6e8be26a8,99.99999999999997
0xaf0f557a9a7e84bdd02adbc14962df2789d95d4e,99.99999999999997
0xaf181f6c780b5682af8014c25848867fa8cf05b5,99.99999999999997
0xaf1fbb7f225229c65f21b8bcd7d2774e3c69e90e,99.99999999999997
0xaf24d897d1dd3baa4fd6da6196ea135314911038,99.99999999999997
0xaeab8114f8920a0522f422618c5b9a2c618527c3,99.99999999999997
0xaea306d7fcaeca642f87fcaf851de83494e24fdb,99.99999999999997
0xae9f7b2f323041d402bac4a9a11f15fedd065d0e,99.99999999999997
0xae74b86ac70629b1b3be04f89a83b1fcd1137630,99.99999999999997
0xae4281d74056f3975941b66daf324bb893279cf0,99.99999999999997
0xae49bb6908cbce30264fd061272098f40a80e442,99.99999999999997
0xae552bcbbbe7dc45994eb308f76a21368e4c3f32,99.99999999999997
0xae57d075dd71ae20a1c9077a1ad9e286a6a644ec,99.99999999999997
0xae5fb390e5c4fa1962e39e98dbfb0ed8055ed7a9,99.99999999999997
0xae62ef5e2a2f552a54f27f2758c5ec7fea62fb46,99.99999999999997
0xae69116e4aa49645f78c1fc9f28f677aede0d153,99.99999999999997
0xae6b4ac02dfb0b0b9c43fa115745e0b2ab17d4ef,99.99999999999997
0xae70acd6e759415cad556bb8851fa93ef8adca66,99.99999999999997
0xae735a27c9c3297154a0a53cc397b6a18a4c4617,99.99999999999997
0xae7ae37d9d97abc1099995036f17701fd55cefe5,99.99999999999997
0xae9d4989cd6ad8cc142d5904fee1d87a86ccd131,99.99999999999997
0xae819e1279405b89cf40dda4fc61ffa6e314b8dc,99.99999999999997
0xae88ab7118493aa7c393c45e8fa8b0dfd0acdec7,99.99999999999997
0xae8a12537986112027a997181f2ec8f8c01a1dd4,99.99999999999997
0xae8b2e2810ee74b75e4b8e3e06b7fca855e065bf,99.99999999999997
0xae8f0d02e1d9ac5fa999930027e03d299b5d987b,99.99999999999997
0xae9083b40cb144e7f07de92b7255dfbe820326dc,99.99999999999997
0xae9423ded18450a7b16d08b27f96d6c47173f013,99.99999999999997
0xae980d001f6161eb0efa6af0bd46160bbe9a3ff7,99.99999999999997
0xae9975414f136b487cbfe9a6a853c7413436594e,99.99999999999997
0xae9c813c00efb6d68976c51a10ecca25901bea42,99.99999999999997
0xaf2c53c0c959e284e1cf43049f8d3c3b57cd9e8c,99.99999999999997
0xaf3ae19d40bd2311ee95e4f92b019f9552d1c4f6,99.99999999999997
0xac10c41ae246f2acaa3eeef2cd869faf58513e6d,99.99999999999997
0xaf3b8562966cf350e8f32972e0733c88bdf664c3,99.99999999999997
0xafbc8134789ee32ce9d8b8f1fc7b6275a6dcd99a,99.99999999999997
0xafbcc39f474baf9596c1135522810d5f409dde0f,99.99999999999997
0xafcb0f6c48ff9b9e5e7e4e467a4d69f4e6df55f3,99.99999999999997
0xafcdc9b44b3d9725d9bffd6c0b4b58c37d197490,99.99999999999997
0xafd188d9cb17eff3a87d646dde9b12ed40d42c50,99.99999999999997
0xafd76547db46ba920b25f5d1a523897d401a130a,99.99999999999997
0xafd8b85535c1b9be7030d89da77d22368445e3ab,99.99999999999997
0xafdc7b014631bf1fc2fbfe91fb4fe2effb463bc3,99.99999999999997
0xafe609643934ea392b8c400db474d6419234d64c,99.99999999999997
0xaff00fa6bda3697c647e26fd5242b1f4c7839a67,99.99999999999997
0xaff375fa00ac75001e833869599b7c2dbe9e7c05,99.99999999999997
0xaff3e2f5df2ccee2be39796d16fd02fbd5eedd5a,99.99999999999997
0xaff5c804f286a5e50e0bcd0b9713e89b96bd95bb,99.99999999999997
0xaffd2b2c20d260071b80894881ce1f2ee32a9ffe,99.99999999999997
0xb0011ad6614afba03b49a488357c94acd7a53583,99.99999999999997
0xb00a247e69e821d1f1a31338c90f2b489e60d75d,99.99999999999997
0xb00b309332fe879d7c98b1f08ff8965790ddbe6d,99.99999999999997
0xb00ba6778cf84100da676101e011b3d229458270,99.99999999999997
0xb015e2fe2294a8f01dc04dd8eda3c8279c0bf6c5,99.99999999999997
0xb0166ab8ccb323729a1225e9b553d8eeab227423,99.99999999999997
0xb018e7674c3342f79845996cc4979ec91d6d5f33,99.99999999999997
0xb02453ca64e581f61d99c959bd6bd1491c8bda39,99.99999999999997
0xb027257430f0e4dc0fad2184ff4b415761e8db20,99.99999999999997
0xafbc2a1ea36bbc341751063a35fb574e1c1c90cd,99.99999999999997
0xafbb1a0dbe7f992c13bc1ae22b7c32ff3e7a485e,99.99999999999997
0xafb5b9515ce5a781ebf41fadd5a2a1c04c73d55e,99.99999999999997
0xaf78e48e6a6f2efae99964aa5aeb4f7d58d251be,99.99999999999997
0xaf43f658e1c6066a098a83578d025260ea60f9ec,99.99999999999997
0xaf48975c8be578eb2116464f19261e9bdc3e0b16,99.99999999999997
0xaf4d7e7b9deba33b7ae57d08bd8eae8ab55d8254,99.99999999999997
0xaf589372288b2c2f2b0b2680e8670ccba78b6bbb,99.99999999999997
0xaf5ae77e2aa4b0fa35d8931464e9d5b12f365a12,99.99999999999997
0xaf5d6846a4b7c2cdfabebf001382bc9cba4dd266,99.99999999999997
0xaf6726577d3cb47d18c970a2f0c25273461353cf,99.99999999999997
0xaf67b824b53422ea37979f29fbd37db541e80d69,99.99999999999997
0xaf7053f1eee4ea61ddba795e96b61009d21b2768,99.99999999999997
0xaf75defd00a4f909b41c61a81f62433b2cb84156,99.99999999999997
0xaf7b0933517554a11ddac08a3a4db2f92beacac8,99.99999999999997
0xafb587449e291506df95169f065958129d7b8fff,99.99999999999997
0xaf7b6cd84a798fa1d58adcde725681ff3d196b60,99.99999999999997
0xaf7d2546c955b411504c84d65a7d470539d13b82,99.99999999999997
0xaf7f2ee8a6ddeb1e4b0fbdc8b0ed294e0a8bf1ec,99.99999999999997
0xaf8e60b6ba626fcb764c533db54fc583fe045574,99.99999999999997
0xaf919dcba4889fe115541157481af08e6cd4ff79,99.99999999999997
0xaf92ae0715911ae4e88b320743558914b195e2e9,99.99999999999997
0xaf95a66d43a3c6028f3177b6a8af0367116d9a33,99.99999999999997
0xaf95fe44046b4f4c9b716140e236b22a6cb217f8,99.99999999999997
0xaf96d2af0daa1c00e47d1431a29a94effae22936,99.99999999999997
0xaf9e08f3020e624c945cc446e8759602049cb176,99.99999999999997
0xae4219701f2f1ca917f277a085b2261e4bb02483,99.99999999999997
0xae3f684105ad37dc49d8ae316a32fe9eef583a81,99.99999999999997
0xae3ee804f27f75e28621924622fb760a669648ae,99.99999999999997
0xae3da350ac4a0993e15f5ac4b614480f0d1acccd,99.99999999999997
0xac9e6fa8ad5214f365e99ee96227598ea1e4b20c,99.99999999999997
0xac9f3d30c0e20cfc336829967d6a76808e0fb632,99.99999999999997
0xacb5b03db787fbb6f3458fab49359a09ba15aaee,99.99999999999997
0xacbd92681fbfffd5dcbe409a4cf5d954be95d388,99.99999999999997
0xacc2e1716e26b86ff10d9d769cae8a27fe5aebdf,99.99999999999997
0xacc3a691472676bd2d572559745cf29d426be746,99.99999999999997
0xacd96e2e018a4978e90014be09cf9cc0bbcf9e42,99.99999999999997
0xace2db9b7a963985cd0bb5aa36761e7aab32bcb8,99.99999999999997
0xace3692ce9e5f9912583b4c4f1d4831090df3407,99.99999999999997
0xacec78653275b9a220ed2ec7714d52d633d10a16,99.99999999999997
0xacee7e48eb7ac0357d49d5c21cc4c1b5cb13cedb,99.99999999999997
0xacf651aad1cbb0fd2c7973e2510d6f63b7e440c9,99.99999999999997
0xacf7e9d803483b21d14bf82776b4add89bba70d7,99.99999999999997
0xacfa1c0a40ef81872fb7a674a406ef25164dcbd8,99.99999999999997
0xad0c3f5673c81b890ffb827aa77105e61957a259,99.99999999999997
0xad11ecff5bc3b6524e524d5c79c849b7830b6c9c,99.99999999999997
0xad18b370f7359bcb2ae510fd06e13dc749cbe19c,99.99999999999997
0xad1aefbf3fd6b74181313bd1ee5d14e4af0af6ce,99.99999999999997
0xad1bd39e682a7b460976e5736330fa2605f39212,99.99999999999997
0xad1cbe6fcab49120273df0c308f6c1b094fbfb57,99.99999999999997
0xad2254e3c37ac1c1b08f8bd8dd3819443cf67235,99.99999999999997
0xad2f43aeabf63fbe46b4acbc0b785fcfa43c9987,99.99999999999997
0xad363e751175f4f3fac6ecfb0aac10b5f8285cde,99.99999999999997
0xac9ba72fb61aa7c31a95df0a8b6eba6f41ef875e,99.99999999999997
0xac9a92bf33894ae8918c0b1f6e1efb03899aa441,99.99999999999997
0xac96032813e7798dbf88b97020b71603e39a0d8b,99.99999999999997
0xac531fe206ede816b4c97a3480ad48a4ab1d2a9b,99.99999999999997
0xac114149945788789e085a45bd86d78285649230,99.99999999999997
0xac11719dd03db03a4ee0825fe7888b09db42c736,99.99999999999997
0xac211fc5e6fee8a23477bca32d9b9b7fe21669a5,99.99999999999997
0xac2673d0139f6cd1b38669ac1eafc003b64e0984,99.99999999999997
0xac2c932f8c2df20d7bc39fd97db7397eceb9cdb5,99.99999999999997
0xac2ee30cbfbc1666be74160dd1af17d32a1db30b,99.99999999999997
0xac3cd223a4d862270373613bedc940f083618c37,99.99999999999997
0xac46b32e92b7d421a92ca1029ee1ad0f71b3449a,99.99999999999997
0xac4bf061b45f3e4983595d3adaac5cffd59ba3a7,99.99999999999997
0xac4e4a214c57eac01c077841b0d5de3f3df76c28,99.99999999999997
0xac53987c4607d9e5d89b4e7eaf3451da3c42ab47,99.99999999999997
0xac88113c302c69879cc1c395a7ebad0e11349f5e,99.99999999999997
0xac63313600e87da91eb4ff50ab3ad2c2a053aa22,99.99999999999997
0xac6839669f1511c3a60020e42f2566d2eff0aed1,99.99999999999997
0xac692be7a338eb59c5d5c3c49722a2d875512252,99.99999999999997
0xac6989f26b1577766ff38f13d3b1b723feddf729,99.99999999999997
0xac74689f10eddc4f08d5e8c21fd760845f1d10c0,99.99999999999997
0xac748828b907a98f7afd40ab0eea451953d91285,99.99999999999997
0xac79d6385ee06048665d619e63840d1168afa7e6,99.99999999999997
0xac7b30dd85c1eabc8c53b63c2474426e4fc5a0cc,99.99999999999997
0xac7dbc453fef51feddeebc849f89402a70e9a3da,99.99999999999997
0xac853d5413d2672afcf04c1d7e450466807700e1,99.99999999999997
0xad3fcc3881735fd92a5b388d3883397143823a61,99.99999999999997
0xad4b0951f38fc7a40bb9a5c522206d5a49378dad,99.99999999999997
0xad4c3b9bf7183f04c3220839e7e894a694060c9f,99.99999999999997
0xadeeb9d09b8bcee10943198fb6f6a4229bab3675,99.99999999999997
0xadb809e4c25b38927fcac998934be9ccf0f7d0c1,99.99999999999997
0xadb93d31362b2aaf970cc7871fd79ed2d5706d55,99.99999999999997
0xadc358c47953da497e01bdf39b29f473c48861cd,99.99999999999997
0xadd6613e21f16c4161dd1cff9621145143f44acc,99.99999999999997
0xaddaf6f2d921fb33bcf38b09d5caf40b27b786f7,99.99999999999997
0xaddd96e6f0a625ca78f88da9dd5d2d0c1f4c3926,99.99999999999997
0xadde4aedcfbbdd38051bc4067c230690ad73069e,99.99999999999997
0xaddf42ec7731603c68f3cd7409d3af0d2c258136,99.99999999999997
0xade1afb038046d85cbb4ba42dad1ab94bca679f8,99.99999999999997
0xade4785c5b5699e25b1e345d708be6295cdce938,99.99999999999997
0xadf091e2398209d8fceec96812c269e97b0c581d,99.99999999999997
0xada41eeb33a18c1fd5c5ebb938df4b753e9cf3a5,99.99999999999997
0xadfe3a40f70ecd8ad1093d2f654c20574bed7735,99.99999999999997
0xadff3ada12ed0f8a87e31e5a04dfd2ee054e1118,99.99999999999997
0xae06f8b423f441adc1de89b61bfcbb71367795fb,99.99999999999997
0xae0bce12a8b8ed5dcf9ebc98ed115305119d8ed7,99.99999999999997
0xae0fbb4ab23cdb56fccc898b8c86b591db379e0f,99.99999999999997
0xae12255fed0f1099d14fb559c46e177a5bf0308d,99.99999999999997
0xae1692d8d045716c948b707550e91dbd2c55169a,99.99999999999997
0xae1b3eb4e8b5f5c9e8213b87e4da844b61faa48d,99.99999999999997
0xae25ea30ee285756d8be2da35ed6c6f43499c58e,99.99999999999997
0xae3c67b8aa12e458f2b4eafc0e9209710582c9d3,99.99999999999997
0xadaa82d99ca31379ec8417515a75a7ce3a4b4044,99.99999999999997
0xada3227eac864faa6c1f2e148b36467b740b936b,99.99999999999997
0xad51ae2c62a9b471c3f3e0c7fca219af86980861,99.99999999999997
0xad7f84324d7e4e042ac6bce6f29c2f9b4f536cc6,99.99999999999997
0xad51d92ea96807bb28f7222d008d50a25e0ffab2,99.99999999999997
0xad52d26c3a57764a289f5bb1cca0720e63f317ff,99.99999999999997
0xad54d739ef647b3b29bb5043a16317bdc1ddc470,99.99999999999997
0xad55d7d10f70b2552aefa7628a2e653d3bcd7c2f,99.99999999999997
0xad56935be2813f35a5a29626a2d1362d6c49c47c,99.99999999999997
0xad5c54d656589299bd9a9727ca96df8ddb913479,99.99999999999997
0xad5d62710910b15e3c9a8cdb335eaa87275faf7b,99.99999999999997
0xad670fa9afe106b1d6fcafbbe71f40736340ff02,99.99999999999997
0xad6a74993201e4a0e43beebf3a8e3fab4c2eda4e,99.99999999999997
0xad6fe43fc3d9cda921f425a87225880da4ca06fd,99.99999999999997
0xad81e01b66d69f45d557d93bc746bfc3db85bcae,99.99999999999997
0xada10569c49d0a247d28a474aa6c1aa0be03d71d,99.99999999999997
0xad84f4dd1732c1264f56c65ad2f93cc5315396a3,99.99999999999997
0xad87b29b00b2fae8edc8c4b5918c6fc4bde926e7,99.99999999999997
0xad8c540a8b291529a12bdde08bf352cdcfc76bc4,99.99999999999997
0xad8e19688a2b5e0bd24624ec444d242bac72bd76,99.99999999999997
0xad8ea567be66ead9f54a733b3a5d51946161d9e1,99.99999999999997
0xad923feeeef3598217bd2d7d5d1181d8c386ca88,99.99999999999997
0xad94a7316c6ede9679c817696730a0a04011f438,99.99999999999997
0xad9c22b131aafbaef76f05be5d3ed923c12a8526,99.99999999999997
0xad9d33fb658aadc2db11e8c57dd833f90a0e9101,99.99999999999997
0xada083a3c06ee526f827b43695f2dcff5c8c892b,99.99999999999997
0xa849896ef3d66d1ceb96f1775a95e7337c05744c,99.99999999999997
0xa849011b25d418380230cddab765c5794dbf4d51,99.99999999999997
0xa84089f4787777bb1653626d8ab60a4ff275f41c,99.99999999999997
0xa3b37551f26b609e2a560964e8f0aeace3842330,99.99999999999997
0xa333476f49c19ca9cded879a116c50337c65c058,99.99999999999997
0xa33d2b7ad08cb84784a4db70fe7429eb603774e2,99.99999999999997
0xa33f4bd6e1c7a3dd7d32a6cfd57ea3e398a71ea6,99.99999999999997
0xa33fa54934c4eb096506df43d44797c15187eef8,99.99999999999997
0xa342b29ade6837b519bd9067047e85edbe86e2ad,99.99999999999997
0xa3510e09ce01f10997769560776c4f5af096361e,99.99999999999997
0xa35261d5572cfff8ea5750e27a00f786c47fdea3,99.99999999999997
0xa3572b1cfcecde1ce44291bcc7fc56cdd07bd76b,99.99999999999997
0xa35aa0870ff12d4672f2601c80276fe98a9bfc01,99.99999999999997
0xa369f4a6d8547d084e8b090912bcece7fafdcb3a,99.99999999999997
0xa36b808d080ad39d93b861599ff7ee7ff17bcaf3,99.99999999999997
0xa36e9f78e3a11468ccf88b99b3015f471b6ad508,99.99999999999997
0xa377f1200e458f53a7f90b516ba7fde0581be71c,99.99999999999997
0xa37c5293a8664c3e6600e4581687a313c64c6a7f,99.99999999999997
0xa37ece9741df78e50c9a3eeb5b4057c1dc600979,99.99999999999997
0xa3860319c8ac4b07648e802e2920e6c320ee682b,99.99999999999997
0xa38ac926017ece610ad563b29f212165e0d69a56,99.99999999999997
0xa38e2b195cab28a2812e23be4a921b8f3a8d8ef1,99.99999999999997
0xa393152d879b9cccb6e4d1801475ad64f1d3138b,99.99999999999997
0xa3941ac8fc03db425df4cd97c9c02ffe99867ffc,99.99999999999997
0xa3973e26353ee11f7fd7ade385d3b1c70250bfca,99.99999999999997
0xa39c82a1415852b3de4a713b02ba36a8355e81ba,99.99999999999997
0xa39eeb48b6f1a8e2a47e50449aaf8d1a3d178314,99.99999999999997
0xa3222b8b56e003ae89757f55bf760d49f042dbac,99.99999999999997
0xa31e99ab181d8db8fb3f84c8f18bbb6229893746,99.99999999999997
0xa3169a596848959ae66244af63cfd2c21f337986,99.99999999999997
0xa2c0a10020c0cbfb4b2cf9a60f65c28a793b268a,99.99999999999997
0xa289364347bfc1912ab672425abe593ec01ca56e,99.99999999999997
0xa28a5e109e40001fc23c01c8fbb573cd9c440102,99.99999999999997
0xa28f594876f458255e258a0787edec022818bf21,99.99999999999997
0xa299350ac28d002b92c1a2c5af1a917d2c04aa21,99.99999999999997
0xa29d52f540a5770316cc207c0891d87e6cd7b371,99.99999999999997
0xa29e9c2c143ccb4d75a5eb7b412695d64a3e04a7,99.99999999999997
0xa2a2425b245c974c38046fab0ca46d1d376f8caa,99.99999999999997
0xa2a8f8d113db565080adfaa6a9985472884cad91,99.99999999999997
0xa2a9b8c949cfea1b4ff6fcf86e250a346405f188,99.99999999999997
0xa2b42350f248cb9e1fb7b0d1b177db6d9b39616d,99.99999999999997
0xa2c4df137443a388a9014e15e9ba5407d276a6fb,99.99999999999997
0xa311f7ca3eb2fb98123a807f9b8e4bbbdbdcb2ee,99.99999999999997
0xa2cdabfa4141c59e1406516da6d937e35fcf42e7,99.99999999999997
0xa2d43087afab1527d1aba63e172c0b785bc0459d,99.99999999999997
0xa2e0a46ff26f6d9a3bad3146fdc869ed6db7ff64,99.99999999999997
0xa2ecce10dc9f6c2dee84b6559f2eaefed44151c8,99.99999999999997
0xa2f9830a03a1b9001089f1fb154dafd0c2baff7a,99.99999999999997
0xa2f9dfef6b0aa6b11017af479f2ee948892ed54d,99.99999999999997
0xa2fd2c23b67b1d674706e23086375097bffc2177,99.99999999999997
0xa308de214e01c365834e3344c1088b0d2b97559c,99.99999999999997
0xa30d031889afa05d9de116100e8c0ffd0c326367,99.99999999999997
0xa3112fe508043fd974d975c70b6c3ae581d7e032,99.99999999999997
0xa3a2885eed7ad99ec1fdfde19de176ca469d285b,99.99999999999997
0xa3c1c91403f0026b9dd086882adbc8cdbc3b3cfb,99.99999999999997
0xa84038264f08d28d3f6e0629ea38feb58c166ccf,99.99999999999997
0xa3c3c0d10d604dad2f7558af3073d1b13a77f138,99.99999999999997
0xa417c523bebad1b712fec3822e1d58b8601b93b8,99.99999999999997
0xa4308ed6af5db2fec5b8197056042a26b277d522,99.99999999999997
0xa4337fa4facfd1b141452caaef6b159e5f1cfce0,99.99999999999997
0xa4340b50fdacee52ebc8d2ab18b46cfd08208107,99.99999999999997
0xa43ce8cc89eff3aa5593c742fc56a30ef2427cb0,99.99999999999997
0xa43d0765cbe4d17830fccdb27a77fb22dcd5bb35,99.99999999999997
0xa43e554780c1552f7a8c0589f63392fd347f0df7,99.99999999999997
0xa4462cad75cce489027f311270157587b3e18577,99.99999999999997
0xa446e8143bca021e0c886af313de38e24e78ea34,99.99999999999997
0xa449d09f28a86044c1038f516f6b645a2af8a073,99.99999999999997
0xa44ccd91bf53cbaf57f188d95b2107bdc458be93,99.99999999999997
0xa453d2756d3b30e2f7dc7dd750773e34435bb662,99.99999999999997
0xa456da10f3cb6116110c61d0e9a150a6406d1a15,99.99999999999997
0xa458adfd84504ffd332632b1b0bbcb05dc67842c,99.99999999999997
0xa45ae997cd38323a3cfe1a5a7a3d109ff2f2ffcb,99.99999999999997
0xa463a045a3124396271c944c826a532afc348cb0,99.99999999999997
0xa465dcc77be354c23741f8cf2a3bebde0fba8367,99.99999999999997
0xa466d10fa44ab02754078e146ec2506ca2dea64d,99.99999999999997
0xa4710a7089d6681fac3212703b09d734b987930d,99.99999999999997
0xa47132824e65d16b7adbc0da3ce8426fc77b300c,99.99999999999997
0xa479dd20f6999994801a30856f5aedb4a7dc58ec,99.99999999999997
0xa47f3ca11de68f500355dfd12d8c1b0e4f264f96,99.99999999999997
0xa486f09bfcf38735a9572958aa164692286652fd,99.99999999999997
0xa416c7b7634968dbe53d5dc957feeb57e8e8909f,99.99999999999997
0xa415561b5dd781b575a95b6d0d5d024703606e24,99.99999999999997
0xa41401643d0fc78bbeb88bd0618a2e07f53ea3f7,99.99999999999997
0xa3de219c48070889bb48517f185150d991cc1e1f,99.99999999999997
0xa3c59a1fa80e256a88a1851b3f82f6ff5a64780d,99.99999999999997
0xa3c6c1988d24134e8435c020e3264b024417a831,99.99999999999997
0xa3c6dc326ce56d83730c67d2a0b9dddfc9fe9258,99.99999999999997
0xa3ccc15c1e2543d42111d8cfed59c8783abb21cb,99.99999999999997
0xa3d3b0d7ea8ab3cae4aaa0cbc7119a3777e80eb2,99.99999999999997
0xa3d4db0795afc80d36790d470b81bdb0f7116c2c,99.99999999999997
0xa3d7553397352efb84a0bc217a464e9e114207d6,99.99999999999997
0xa3d8d276f6eab243cb22f4d1a5e3cf08476346ef,99.99999999999997
0xa3d8fb362b8f61e1e8c9afeebbf75d08c389e43c,99.99999999999997
0xa3db2efc63e8baa92862e1e776631ba46d99a0f8,99.99999999999997
0xa3e759cc8037c7236be15b8f01eb91cdd2465176,99.99999999999997
0xa401742a25aedef3e807a0fca064621c0574cb9f,99.99999999999997
0xa3eb4afddf8a717859879665426e5ad034aa1619,99.99999999999997
0xa3eb5ca573beb2c1dd3191aa18d25bf79a058f0c,99.99999999999997
0xa3ef176f436debe226374158b7dfaa439c78c5d8,99.99999999999997
0xa3ef39357393c65102f9753d1c4a60c0cc2d125a,99.99999999999997
0xa3f00ce41fd48d3f0933ed856451c3e1e2d2abe8,99.99999999999997
0xa3f222cdb484395fa9de99f58a8730021f151224,99.99999999999997
0xa3f3d5acc032e0e20e88b172f8136bbe8a85883b,99.99999999999997
0xa3fc07daf2bf7dd533553c9830d4354f03847806,99.99999999999997
0xa3feca43982e0e19cd33f7fbca865f2d3bb604f6,99.99999999999997
0xa4003d6f5f41904bbc6a76ab1cd9c8371548a8e8,99.99999999999997
0xa2840c5eee7a2fb6e246f5c11b3fa07e15c9d130,99.99999999999997
0xa27d4ce86629a0575438d12c8d432685b984230c,99.99999999999997
0xa273c9e6d2fca12944dcb84f0b65c6ff29af7622,99.99999999999997
0xa256164acbd62cfe7df1f75bc01e0fcec43f4ecf,99.99999999999997
0xa0e14485a13b5d4713aaeddcc9eae4f7ebdccddd,99.99999999999997
0xa0e85c8d02a91b8b75d5d3eaa0774ca7b21cd8a0,99.99999999999997
0xa0f1512df2fae05e9a5cf7b4fe2de266c83be5d4,99.99999999999997
0xa0f1aee861430d8a1e1de094d3b756a573b244fc,99.99999999999997
0xa1003c64f9c8c6f586b9158a3c1d89766965a272,99.99999999999997
0xa112ad9d74eecec50f3230d3245a90182d8fd701,99.99999999999997
0xa11b4c17f11c3517679477d218a2bc2fdcc6dd2c,99.99999999999997
0xa11e98fbea084069c2cabb4233c68287d4141d34,99.99999999999997
0xa1220af17dd87fa40e3618964e64309ab9dc38fd,99.99999999999997
0xa126a2a819b3456b04cf36c820a80f56fd24dff8,99.99999999999997
0xa12e5c9aad1ba629438696d1ff9dfa275f41c439,99.99999999999997
0xa1349cde05c534e747dca402eab1c901121890d0,99.99999999999997
0xa13bc3569bdbe1fbc82876521a713611561bda09,99.99999999999997
0xa13fd08b9e873da32b3008f071638e31c2ea4534,99.99999999999997
0xa142ab9eab9264807a41f0e5cbdab877d204e233,99.99999999999997
0xa143d719a4236204e09f69c3c25e221242abe570,99.99999999999997
0xa145713ef23088e42ddb26591d0ce7562a96e055,99.99999999999997
0xa14f480a29eacec6a92d77de12f027634bbecc0c,99.99999999999997
0xa1573f794c97ac60396cf222315a2c73a4f7c2e1,99.99999999999997
0xa15a35f0567725a7805fbc9b936ebc2bafad6461,99.99999999999997
0xa160a4d246398ad9dab9dec42478f86568b009bc,99.99999999999997
0xa1652e91ea8d0aa9fec82bc781fd98c89041e008,99.99999999999997
0xa16946a605ddb755d3a5774b6124f97fed1bd1e3,99.99999999999997
0xa0dce82e58d514c80c570e2970b12befcacec226,99.99999999999997
0xa0dac30ab1def9f4daf42ea94509a51783c78c4f,99.99999999999997
0xa0d993c55dcf9c962cb3830fd8157cc9e0ca0c1d,99.99999999999997
0xa09156c6f245bd847c6644cafdd802467dbe1c7a,99.99999999999997
0xa05e5c069625bca6079ad251c31030c95110c2f0,99.99999999999997
0xa06a6911c5723031e377f57256b47d2f42b8f5d8,99.99999999999997
0xa06a78e817524d0a39c8eb2935a9b132ce2b70e8,99.99999999999997
0xa06dd7ae30effce6d0aa7fd0fe1a0cd4a1329e4d,99.99999999999997
0xa06fd65b9b2bab36871b39ab3c50801933125e34,99.99999999999997
0xa07006453d0d17867b04d24889f8cd017d019ca1,99.99999999999997
0xa07008b4d07afcbcb28154960c9578d60fd6fa1a,99.99999999999997
0xa079039a61b234e25a1cf63bd61ce186e8382488,99.99999999999997
0xa07fe72aa03d4beab948b99757e08feab1c880d4,99.99999999999997
0xa084aeb20260614f3d32ad08826d891f6dd81881,99.99999999999997
0xa09a2a1a8807b853869eaa13862655e711f3ba02,99.99999999999997
0xa0d6bf96c2142d7a21bdca1c8681ae51ba42d537,99.99999999999997
0xa09ffb424c34a05f62bc007367f7fbec0b540236,99.99999999999997
0xa0b1708699f051b999e7ac4ec9392dbad7467ec6,99.99999999999997
0xa0b2f8cd22a85a6782679ed2c866f5a58deb3c98,99.99999999999997
0xa0b9bdcb2bb5925eae5a6ccdcaf2ba83401634ea,99.99999999999997
0xa0c2b6d759fca871fa8de3184ab6ae773363eecd,99.99999999999997
0xa0c39f6d8de3707a513bb1e8fa55f73d0cf5d18c,99.99999999999997
0xa0c8b1eb8c096f660f6fe4ff3bc0ffcf12b9c0f7,99.99999999999997
0xa0c903f8795172a7915e68f5c06df10846d938d0,99.99999999999997
0xa0ce01d0b153d588e119489f041da3613e397c98,99.99999999999997
0xa0d55039834d2373014b66a322b49e32f4869f49,99.99999999999997
0xa169fde834ed9517e9529e5307908d889ad1a685,99.99999999999997
0xa16b9ff1793abe554a26a4a87fc9ba0533bd2d82,99.99999999999997
0xa16beea3ecee1109f217cf444a6cbc759237733a,99.99999999999997
0xa225b77f5d320bc831d05b110037336e228779f9,99.99999999999997
0xa1f369a45abc43458c32a2b590d610f33abfdf52,99.99999999999997
0xa1f3d1759334e80423f5d678c3093e75fe62f5a6,99.99999999999997
0xa1fb07d9f100365b62c3913bf4cf1c6ede950be3,99.99999999999997
0xa1fb17c72c5a7ecfa4c79bb3f98c3ada5538f87c,99.99999999999997
0xa1fb1ccf3bd712972b06a089c6c69fe342a52af1,99.99999999999997
0xa1ff2676ffdbc6f7d3cb5f6fd3241cd411514eeb,99.99999999999997
0xa218a8346454c982912cf6d14c714663c2d510d8,99.99999999999997
0xa218bd89e40f9da125cec8ffd7ad79a18578597d,99.99999999999997
0xa2191c3d5a8197708410dc8a22a9e4a07df94ece,99.99999999999997
0xa2237168b61aabecfa5652ab2095df95efa388e5,99.99999999999997
0xa22b6726db9e64398a0c41ed28907d70dfdd5044,99.99999999999997
0xa1efa0adecb7f5691605899d13285928ae025844,99.99999999999997
0xa23074a6582885fd185f196791fa56f94bfb14dd,99.99999999999997
0xa230a1c91c640da7a947c23a889a3bd68a171915,99.99999999999997
0xa2382d2c0f5c3eab3015827e6be407e53f5876a0,99.99999999999997
0xa24009a666a0ca097353c392256220a1f5f68c13,99.99999999999997
0xa244e256a011aed9ebe5056ff1441f64db045ca9,99.99999999999997
0xa248c8099d6763f5bfa7822677c367a568047bcd,99.99999999999997
0xa2495fac7024f1c2c9255f8b67bc535d5405bb60,99.99999999999997
0xa24e92b27556d79e741f0feecfe25cf00e31d273,99.99999999999997
0xa24f2e6dcbd2da9a220958401dab74b365bd34e1,99.99999999999997
0xa2554fadb1fd83208767c4ef970ecd2fdf01813f,99.99999999999997
0xa1f07441c96c4a591c8da5183ca418be015c9880,99.99999999999997
0xa1ed93bf44ba35f1e8ebfb4d104a0e109337a5aa,99.99999999999997
0xa1754f7c9f7faccc4e83c9c2a768b9dabeb4d50a,99.99999999999997
0xa1b52bd57f3c440a62174f79ceecf0c6ecd35a3e,99.99999999999997
0xa17f75c6d52951699350f308d1220e2dca7b4cda,99.99999999999997
0xa1872b9b494556777d2b3ac5e699cf7fb377bafc,99.99999999999997
0xa18acaaf849e7a99cbf87c1e894e0e01fdd3b886,99.99999999999997
0xa18f64987f2d10d0e7bee348c6bc66648c6c63ee,99.99999999999997
0xa1932d804e85ae3b80a2a47446e98e51d65d877e,99.99999999999997
0xa1998b821c37519889af52f95d1b9dd0d5167d6a,99.99999999999997
0xa1a1650c7c04d16330b03274aa017bd45fdf7d87,99.99999999999997
0xa1a5ba480fb12fa0219c75f1b617171cfe7081c4,99.99999999999997
0xa1ad8563e0cb1187370df41ca46a7c097b400d84,99.99999999999997
0xa1b188cda9b570ab15483b827d656516ea35a102,99.99999999999997
0xa1ba4666daddccebabd7b15e6cb46bf48de5b5f5,99.99999999999997
0xa1ecb620b1630eda10eadc7b25c67789b67b7aec,99.99999999999997
0xa1bd817e13ed6bb524ed491cff76c83afec773ac,99.99999999999997
0xa1c0534ee785a30455fcd45bbdee3a6b6227632d,99.99999999999997
0xa1c689ced3456483e2df741a6704bfea1542a5ff,99.99999999999997
0xa1c86fa431f0462e86826d7a971b70cc7b92dc72,99.99999999999997
0xa1d1768617871afa1623fc1c477443cfaa3fb60f,99.99999999999997
0xa1d2ae90d7b1f5910f332daa89911d84e5d26eda,99.99999999999997
0xa1d3c765e9a9655e8838bc4a9b16d5e6af024321,99.99999999999997
0xa1d61cc13cc643d3bd1d8a04c6f9156b2639f15c,99.99999999999997
0xa1df7157e5eb60c4f9bcffb6a2f725a4b6492ca7,99.99999999999997
0xa1eaaec102f34a9ee1795af106925451e84b8cad,99.99999999999997
0xa4880372268cce843463d9409ed4c5913d9f85b0,99.99999999999997
0xa48e17ac1d53bb9ad0f528786e8441faf3858913,99.99999999999997
0xa4a0ec379f72fa5e1c7d7df29a40d74e4346f398,99.99999999999997
0xa62bba6454225a45a4f74b6313be7716c83d0616,99.99999999999997
0xa6b5b157670fc71dd34b3e4c8336fe72c0358c78,99.99999999999997
0xa6c4a69edac16a5ff9af02bdf5daf4c499eea47d,99.99999999999997
0xa6db96e77ba9876eab90e0a2f98d32865fd5b780,99.99999999999997
0xa6dffbc492e1dccae78bf4f6f6c13b1f96469e11,99.99999999999997
0xa6e3475e2d4a9937b61be131407598ed188b54f3,99.99999999999997
0xa6e3601d949b1ba6630e52409c2b8b871c8f17c8,99.99999999999997
0xa6e78caa11ad160c6287a071949bb899a009dafa,99.99999999999997
0xa6e8e242a6bbdb87765edb408530348b4f51030b,99.99999999999997
0xa6edc956290b7ce416c5d8edc67e1c32506fe099,99.99999999999997
0xa6edd3b01cf82155ff2bd54a8c9179e898cbf0b8,99.99999999999997
0xa6f06d6b1b1ca8b7786f67500319377e5cc4d73a,99.99999999999997
0xa6f1ba8932104fa267281fc401d25b2957bef234,99.99999999999997
0xa6f5bcc5156a0d0689c0ea0ea566a3f64d203af7,99.99999999999997
0xa700ba91964d5f22450b80598298ecaa847bad21,99.99999999999997
0xa706ed4676204e1b9b3aa005cf8ab5c92d30a830,99.99999999999997
0xa70c77b8b9ba4478852898427df19104335568b7,99.99999999999997
0xa7171cc94e1511632715bda67de086c0d83f5402,99.99999999999997
0xa71e01d2140be779fb3412ddd72c6ceeeb300610,99.99999999999997
0xa72044979c44594fa5ca7cb992e602703e456758,99.99999999999997
0xa725b17b42d3b4f64fb9bd2435480384f5998663,99.99999999999997
0xa733de1720caf66eac592adea2d00c6109494e9e,99.99999999999997
0xa739e29fb05abded0a713d23ec183747ed15d664,99.99999999999997
0xa744ccc445f6a81ff48e9aee199f3b36d6968346,99.99999999999997
0xa6b255435ac3fc97f5930e192be8446cd05e3359,99.99999999999997
0xa6ab685bd2a5819539b0a50a390eadb89ed98914,99.99999999999997
0xa6a2488de70efa2dc9922c7dbcc31f9771c92fe6,99.99999999999997
0xa660123e8bdce9511d2071596a34c8eb585b25ff,99.99999999999997
0xa6308eab4fc51b4d1c1213ef0628ada3c04ff47f,99.99999999999997
0xa641d5f90aed8f3c14170b0b2e1b56eb74d84756,99.99999999999997
0xa64268fbafb42c80f976b78f1a8e9b5c88fe1c96,99.99999999999997
0xa64644c1dd54e491ce1c513af02c31632c58ee49,99.99999999999997
0xa649227f5d449e9cd18f02c0953f677c70ff2f51,99.99999999999997
0xa64b5c462793aa0d88f4c8bbecca94679551468f,99.99999999999997
0xa64d6fb7018027e20039db50dd1b97584bc30760,99.99999999999997
0xa654aadfd1ad052d3dcb63cbcb6137711876aada,99.99999999999997
0xa65776c5d0fb334458b0d160caa0ae98c8794812,99.99999999999997
0xa65beb5d880da33e24060d040cd17f4cf8f543dc,99.99999999999997
0xa66aa61a67ee8dbd4a0dccd6fa6e3b0aaad49bc0,99.99999999999997
0xa694d3e930a17b9c32de31ac266f1637e8ddc6d2,99.99999999999997
0xa66ca1ca17d2322a9dba4c8b4c5082d7c67527e2,99.99999999999997
0xa66df139494f0fa22611eb4d50e36bb9928f14c6,99.99999999999997
0xa66fc3d6dd47871f19696f6bf2c4d6ef461bc627,99.99999999999997
0xa67249226f2dd366ededc87530220f406b044430,99.99999999999997
0xa675d0598631414eff11d81c4831ebfea776c87b,99.99999999999997
0xa67f3fcd86f5c274aaf5aa6279ca88e84f4e0479,99.99999999999997
0xa683ea6ec49793b3aa90b1fa17172238367f927d,99.99999999999997
0xa68961207a052572a0e9c8bfcaf08712fa2df6f3,99.99999999999997
0xa68e0b444e7f5242e48cea2447fce03cb7b8ad16,99.99999999999997
0xa6903fad3ea6cb15128b3c52aba73dfc2d852a6f,99.99999999999997
0xa74a7281746e893d948d56bd6e4acd0ac40b30ed,99.99999999999997
0xa75365c0fc4bc8a907aca56c57361a8f97c6373e,99.99999999999997
0xa7580972de00c769a42ca4cc42f59a30884726d0,99.99999999999997
0xa809470bf67529254e21dc2e4a8fbc71e46ec984,99.99999999999997
0xa7f2ff6c6b16fc1cb2499d60ee16f2ca39f970df,99.99999999999997
0xa7f3c74f0255796fd5d3ddcf88db769f7a6bf46a,99.99999999999997
0xa7f3dfed2bcf7b35a8824e11ae8f723650edfb58,99.99999999999997
0xa7f56a6dd807d40fd24f6e0f56f1bcab7dcccaf4,99.99999999999997
0xa7f7763e787c7f9f8f163f9976bd441a65ee7c5e,99.99999999999997
0xa7fda482e9cf9ff6555d2dc40a45b4cb6e2922e8,99.99999999999997
0xa7fdf6bb3ac86c6c536e1c880d0e91ddd5d90824,99.99999999999997
0xa7ff0d561cd15ed525e31bbe0af3fe34ac2059f6,99.99999999999997
0xa80323ddc5389c524b8f9492d0e9c3b83e290d0f,99.99999999999997
0xa80564dabdbebdb851ba4a47ee623992bd4c1236,99.99999999999997
0xa80b0e2af4fabb5d2313ce48e71b49756b9712e5,99.99999999999997
0xa7e9cd3a8b3ed5045f65efe4b9ee6d2d782ccbb1,99.99999999999997
0xa810b58137737445a26c803a552d629a8bb8a01b,99.99999999999997
0xa81149cb28e2f2fec9bd1ec70f0358683750de13,99.99999999999997
0xa81153220615a8422f9d9c82940fd2682b1a41f1,99.99999999999997
0xa81d9946244f67a1a0fc8812439bd5efcc777c0a,99.99999999999997
0xa825693659460f141325043b1734c877d387b78f,99.99999999999997
0xa828ae3314dd073581d0634e9fcd220cd4a4e770,99.99999999999997
0xa82acc86d0d895abdaf09e341f806ec04023c817,99.99999999999997
0xa82e4d575e09de36f09999c85c2d7237c957374a,99.99999999999997
0xa83bc3d2802ad0b131a61da06a7f91712f278fc6,99.99999999999997
0xa83fe730cba473a222761a66be0c0587ecca531d,99.99999999999997
0xa7f12f3afc85de991c80a858b2e81fe22bd02fd1,99.99999999999997
0xa7e94d933eb0c439dda357f61244a485246e97b8,99.99999999999997
0xa7615cd307f323172331865181dc8b80a2834324,99.99999999999997
0xa794390e87cfeeaffc1ac7c87f151bea3760a933,99.99999999999997
0xa761d8b9836d8eaaab535dd330a730c859241a4f,99.99999999999997
0xa762aaa243186368ce1ef046eab37e5e733e7254,99.99999999999997
0xa768b5d8903689c92ad4f36b2f6cf9c075777349,99.99999999999997
0xa76bb32b7b2a495e67f3ba86da73ee0dedba3542,99.99999999999997
0xa770951a64e5f39a928087e4b15bac64511726c0,99.99999999999997
0xa7771f6eeed8706ddfbe2813bfaaf00536e1ac66,99.99999999999997
0xa77bf272240f3036bf8dbcbe1ff4a9a5af536c35,99.99999999999997
0xa78e6dd1205538582d2ba3f0456649ce47c1704d,99.99999999999997
0xa78ee63eec17dafc88c482cb5aaed1d714b85494,99.99999999999997
0xa7906d63432ef329e6e68be60ead655bf724108f,99.99999999999997
0xa79f75d42d8ee2c41a136bd2895e7179a15098cf,99.99999999999997
0xa7e49cc49d9ba0057af6abd87dffbbd8563ca355,99.99999999999997
0xa7a13659692239c143dae313a0116d5b5c18d26c,99.99999999999997
0xa7adec5d0075d01cf00c5bff52b501fe9f6e987b,99.99999999999997
0xa7aff93f8dd992315ee5d40154a8e4bd9afe76d2,99.99999999999997
0xa7b95d2a2d10028cc4450e453151181cbcac74fc,99.99999999999997
0xa7baf7fb00659a7e5fadd43973d618468c45e179,99.99999999999997
0xa7c9b1962d47ecd2df6f6819af9bae3655728d62,99.99999999999997
0xa7ccf6325a1a1623713a9296ef81baab7c81785c,99.99999999999997
0xa7d02c4139d3124d609edb2d69ce1d1a2fbc37fb,99.99999999999997
0xa7d30f0d3f3c8eb21a5388f5f5b8531685bc68ed,99.99999999999997
0xa7dbaa3a2222ce39de499d65b1060f3b25bb8fe8,99.99999999999997
0xa62fdc2b9e7e64bc9e8e39aeba4e4fb4cca58aec,99.99999999999997
0xa62ba163e57219fa1e67ec21cc101b5e5167d111,99.99999999999997
0xa4a1dbfc19aa69a2b6d0391dbcef0c01dc9f0043,99.99999999999997
0xa627a368cbf9237c244d1ffe988fcc320dd959ec,99.99999999999997
0xa50ecb238bfa1b1c9050c58cf3e99c99260c4ed1,99.99999999999997
0xa5126029084582bc9ecf690a7aec4293e097b302,99.99999999999997
0xa5159e0a53863fb27030b43e35d38d844c14746e,99.99999999999997
0xa515c6bc9e99b95f4f7fe083ace1a1c3f25a9c98,99.99999999999997
0xa516c41fef4e553d940e742a4728589269e57acb,99.99999999999997
0xa5215b150b4c7fca04836c5054492a19d48cf140,99.99999999999997
0xa52651acab7bad3dd93af1d52480c6d47ad99f5b,99.99999999999997
0xa526ec38e974785d3be42ec23f9c2a2dd849e085,99.99999999999997
0xa52e18f148106854d01ec0e9cb2feb6552f3d769,99.99999999999997
0xa52f91009b5ac4a40516057a83b6db298da367ca,99.99999999999997
0xa53454902abf3db1b0619f12423890cb4b856c74,99.99999999999997
0xa5397c8ca3d09c789365d77ac38322538e063f0e,99.99999999999997
0xa539a061ea80c227f4be31afce3887d03b6fb09f,99.99999999999997
0xa53a13a80d72a855481de5211e7654fabdfe3526,99.99999999999997
0xa546555d8008343c08928ae51fc3313c72a4084c,99.99999999999997
0xa549893711fa9b5588d1bc7f7a661a2ce1deb575,99.99999999999997
0xa54d203773f291652ef357692c51656c2163fb29,99.99999999999997
0xa5556c6f9eb72c68e92bdeacf70cea9fc9ecc7ee,99.99999999999997
0xa5561855d9d6c87e6f5ba1c6892281c83834c4a0,99.99999999999997
0xa55f6f54f7e0e11396904031b0e870cdc910bf75,99.99999999999997
0xa5606a0d3ba808570a3b42be12e27a481f4cf685,99.99999999999997
0xa561eb26bf0d92c905926cf56bde088e839f2176,99.99999999999997
0xa568b91be3f852d1ad0e146156867fbc35a88f30,99.99999999999997
0xa50c6ceff7d7977a530b7b66fcccbe5438405aa9,99.99999999999997
0xa50a05647b2d336667b6a9ef6c5c43bf12cce6b4,99.99999999999997
0xa505b105060eafbf4521e337256ba0433b6fc6bd,99.99999999999997
0xa4d85e12ca1cf12cbbebcade2319487d2f8b6437,99.99999999999997
0xa4ac3321fd639a7e2b53da62897955d920c97012,99.99999999999997
0xa4b321b3458673dc34620e355185813c1d415ff0,99.99999999999997
0xa4b5173309ac878db01dcea2b230cdcbc2cf6312,99.99999999999997
0xa4b65136f1278ca0f9a16050ea5aa6dae6749303,99.99999999999997
0xa4c1bdb9688634ef550c6d27af089e505744cf4f,99.99999999999997
0xa4c4b50f0bd21efa6ac571e76091e677c65d72ca,99.99999999999997
0xa4c72bf0feacb7e056511e417bde0423a7a048b8,99.99999999999997
0xa4c8c34acc8690627757dfee632eae74654aff6b,99.99999999999997
0xa4cec28d686ee53bc80dd3d79b404cf0dce28016,99.99999999999997
0xa4d3687f5b0b1a818e15142e7cd6187c17e58060,99.99999999999997
0xa4d9872d472be9aa3ccc7fea80bd88e64c07b78e,99.99999999999997
0xa50368ddc3ce282eafb280a71d5153c8b58f46b2,99.99999999999997
0xa4da0f347c6abe0e8bc71b5981fd92b364eda4c2,99.99999999999997
0xa4dad10a3d6055fcd68539b12cfad2ae8babc338,99.99999999999997
0xa4db56b5a9d3e2c53bf518d7bc76a778668a1c3e,99.99999999999997
0xa4dcf05940ffb6bad884e10274fdbb8f2b7e522d,99.99999999999997
0xa4e57447b4146ccf58ba7893f590d7a468ea89bf,99.99999999999997
0xa4e7918fb5f4a8c12f9513b193be1d764d5757dc,99.99999999999997
0xa4efcf3090c27dc596f10aff3de4257096e264ba,99.99999999999997
0xa4f965e38a7d2795f43eebbed1c160319adbee04,99.99999999999997
0xa4fc82338d3753065d3a81652d5d73600855b2bf,99.99999999999997
0xa4fcd20d161f62dabadf89e30e418ea0b3d2efcf,99.99999999999997
0xa572aa6a0781c21ea8d3acb683792e9df321e8a4,99.99999999999997
0xa574c53d63550e535c8b78f0e2a33bbe3c56ef2b,99.99999999999997
0xa576e704a1c1d8d7e2fdfdd251b15a3265397121,99.99999999999997
0xa5f7a39e55d7878bc5bd754ee5d6bd7a7662355b,99.99999999999997
0xa5cd3bc3f3d34b3a716111643e19db88bfa649c7,99.99999999999997
0xa5d224b43eab837aa2ee9c6ed727f1613f301a5e,99.99999999999997
0xa5d32c621b11696a24efbfbbb6ef550ffcb29b28,99.99999999999997
0xa5dab7c944a73ce6bda11c3faae5b180a4519cbd,99.99999999999997
0xa5e0f7c5ea9a356b363fdb3eaae4b22c5b5213ea,99.99999999999997
0xa5e1e9aab0f75a99878583368fc7384841c19684,99.99999999999997
0xa5e65bf39c35dc7bc11f049be9a62f3c96944921,99.99999999999997
0xa5e98badecd73a04e7727890f6bd958067c43212,99.99999999999997
0xa5f1d12e8594e20bef034c82a348e149286e14bf,99.99999999999997
0xa5f36224ef3499e4377bf560b53a9fb302666128,99.99999999999997
0xa5fc9eb37cc4962b2efbbee2300b06e4745218b4,99.99999999999997
0xa5cb0648383b871de9d8c8a2f31bb985ec160187,99.99999999999997
0xa600f38f6592674fb76a5e36a200990a9a348339,99.99999999999997
0xa604070fb96a040499067b2eebd2d1bdde5b5a28,99.99999999999997
0xa606bffcd5be130dcd6153b7c09fd5a00cd463aa,99.99999999999997
0xa6097bb65736b13d8092c567adbed4dc6cc88416,99.99999999999997
0xa60b3b27139681ff7f5c824bb54f1b32480975f1,99.99999999999997
0xa60dd9d42fdd43e91da63bd261997e14f21c69fd,99.99999999999997
0xa613342d68a30b4e7a540864bea858ab235b8d65,99.99999999999997
0xa61580f04903891f785295a75de2d2ae8e871d67,99.99999999999997
0xa61aa801f7b3da56a2b697ab41b2d689101c29fb,99.99999999999997
0xa624d8f472506c915e2e4f893dd1eb9a238f9c2b,99.99999999999997
0xa5ccd262702697cda41dd97b598f4de95c596309,99.99999999999997
0xa5c9cd5bdabf0c8e4560aaedf39d1f9d1f748531,99.99999999999997
0xa5790a3743200d2c14071c3dfccd0af987425431,99.99999999999997
0xa5977d08f2e8852a4974d392d9bb97c30af81ac0,99.99999999999997
0xa57c2dae4b582bca80111a4a25585be0c3bc2365,99.99999999999997
0xa58141d01b0159b2571fe5d51a49c875caf8fdbe,99.99999999999997
0xa58547155f471a77d90f73337b833cfee230c8bf,99.99999999999997
0xa58ac64826dcc0e36fa550ced64dbdd7ce5c986e,99.99999999999997
0xa58e55e2202668f343ac9d7d5e904247d1e9ca76,99.99999999999997
0xa58fab297f20cd2fc16c1fa117681697f52f240a,99.99999999999997
0xa59073c0e036edbdb5dc4e88f42bd9b32d6e968b,99.99999999999997
0xa5914fde6d8f96716597d12b43db32c69d72980b,99.99999999999997
0xa592cb9bde3df473e762545d54f6b89b36afde4c,99.99999999999997
0xa5975974cac3fefd831e42bdd2fe84cb5ee3b3de,99.99999999999997
0xa5979e23798624ee7d2f4f09a83b7d15c144ad29,99.99999999999997
0xa5c94400c37ad2ea1d7b55b6841512cae056ec22,99.99999999999997
0xa597c5e0c75c3848d3d43bccb57fe405426c8f8a,99.99999999999997
0xa59e6b7458443ff98a57b01c49e5ab36fdb7d2a0,99.99999999999997
0xa59f05938ae867f2fb358b2880f6a08722f4597a,99.99999999999997
0xa5a2f53cc16b6c1d66a27a20ece8b86130cae2eb,99.99999999999997
0xa5ae11dbb0bbab35a746a39d329201e429f065e3,99.99999999999997
0xa5b0c665e95545604f0a1dd0e3ecd857a9c2d2c9,99.99999999999997
0xa5b3322e9d06488089786269ac5f539356b4c079,99.99999999999997
0xa5b65d4a68c1c71aae3910199f4ab266f726afbf,99.99999999999997
0xa5b74b0225a3a3c892d1b8b81833f146dbe36073,99.99999999999997
0xa5c3a513645a9a00cb561fed40438e9dfe0d6a69,99.99999999999997
0xb027a4575ed74e73b11440ab1bcdb587a1bd1c6a,99.99999999999997
0xb03588c9ce1d9989c502e88bf48bc8750641f719,99.99999999999997
0x81da4f0bcea8d330d790da28bf5349d29ad51fda,99.99999999999997
0xbab660062f9dc035756b22be16ef186411a37229,99.99999999999997
0xba33f007982d4d569465ac90744fb221d51c10ea,99.99999999999997
0xba3481444e4d9df34fb9f4c2aed1ee6435d0bb04,99.99999999999997
0xba38aa4e63a52197b31122af76533f16605e3510,99.99999999999997
0xba40a0842f1da17319bee73a67615f14a7577081,99.99999999999997
0xba454c396f7a14c2c531ea919e419ab15c288c0e,99.99999999999997
0xba4b47a78eb0b46ec9df6cd030123bb50df2afa8,99.99999999999997
0xba4c526694dfb8617dbfffa12157a605a6587a18,99.99999999999997
0xba563edcfff6581d6a6cd6baed1f7f2558c1a561,99.99999999999997
0xba61aa52f016cb19bf384c5fa0974cddfba8dd9a,99.99999999999997
0xba66b2468af2344d2c5691351fa5f451ed8cf5af,99.99999999999997
0xba743394ca6c38886c066e45bb9980a09aec7a65,99.99999999999997
0xba7968c93c4766883778072be3ef8713363cfb32,99.99999999999997
0xba8a7cf38f520f1dca3dda158d6946ce7ee87901,99.99999999999997
0xba8ec79997bf5010d68c082663a311b24e618a64,99.99999999999997
0xba90e5b6d3376d792ca3927524c27a185fbfb159,99.99999999999997
0xba93bfc43da6a3daeb15b2cfd408d0f858a4c319,99.99999999999997
0xba944abd6ad261b220dcc8ba6b53410cb024fcb1,99.99999999999997
0xba9d373d14ff405e9cafad7e21da3e86ac889fff,99.99999999999997
0xbaa0c9a680ac84ae6ca27e779d846223bb60cff7,99.99999999999997
0xbaada90f029f428e212d2670f729489b9d7fc169,99.99999999999997
0xbaaeacfed20e4cbdc2fe1d0ecdbbe3590c2673ae,99.99999999999997
0xbaaecb418fe3dd87d644f1f31a1f559426c86e59,99.99999999999997
0xbab079c07867f5ec7af21a197e2816c7feea7b45,99.99999999999997
0xba333f8ff556bf35d38e102a98daf1c5f6d9d708,99.99999999999997
0xba2f752f7eccb6acffd73e532586050bf0a1fc32,99.99999999999997
0xba2cdb7ea395fdb9be8c820294c798371e9e9d77,99.99999999999997
0xb9eafa295424ea5001f312657d484556bda3971b,99.99999999999997
0xb9c0edd4fd841d0ed2a0e1f154e84f034a920cc5,99.99999999999997
0xb9c1cba1c34b400b631bd72480040e302e8c705d,99.99999999999997
0xb9c4c6e842515c010755940363e0ae92774fd248,99.99999999999997
0xb9ce77d1903acd9486d176fb8e52c21b812ac1f4,99.99999999999997
0xb9ced2a16fcc762819c1f68c8fb71cfc1576fb2c,99.99999999999997
0xb9d771a2a3ebe8e52cbb684b7c80d6f945509461,99.99999999999997
0xb9dc6b4b3cfeac98406d70d0f61595d6614e024d,99.99999999999997
0xb9ddab19f88c9fb48181df2320872c60f203ef8b,99.99999999999997
0xb9e5436ccbc77b8c25a3fdb53273cfde1e85990a,99.99999999999997
0xb9e8ac0269682bfe02664b5b309f4d61054baba3,99.99999999999997
0xb9ebb2171757cab429a6f9e30b839fed9175663e,99.99999999999997
0xba246f590ce62a2dc62774e6b619a2192766eb1d,99.99999999999997
0xb9ec37d0048484d5be25b79d4b1aef03146d167e,99.99999999999997
0xb9ed3a2b35396e960af7a812d330726678795d29,99.99999999999997
0xb9edc8201c3318fff07b2dbddc45358a63d1d253,99.99999999999997
0xb9f7b3b5492f270f2ba1ff1b6661ed27e03d4132,99.99999999999997
0xba0c565110f65d181b9ff1d8a9f787b52857bb0c,99.99999999999997
0xba0c6929eae0d9eead25eef642b5bbab61941c56,99.99999999999997
0xba0e5b26c85db9566f672a6a6f937817700b1dce,99.99999999999997
0xba186ac29dda5e735058bf4ba956c255670821d1,99.99999999999997
0xba1d14dde6f79615a1d60a19e7e5c0a52d720b84,99.99999999999997
0xba1f07ca1c01cffab7d283382806d81746355c2e,99.99999999999997
0xbab495476180850151dad5c6627df09182625c28,99.99999999999997
0xbab7f9c58e19b0636f183e6f98313dc5e9370667,99.99999999999997
0xbbb517efa4bf93292ff202f5366b246e400a1ae6,99.99999999999997
0xbaba880a73fa57d43b7478ba9eeda2336d6cb99a,99.99999999999997
0xbb48bb92fe42ffe5f2cbe2747b5d040e841901a0,99.99999999999997
0xbb4fd9ed2d362d76a5001d9ab6c1d8630f59be0f,99.99999999999997
0xbb514b2ebbe652b93f8b045af558f7c498d6ac23,99.99999999999997
0xbb5dc2d7a343d1738a97bef4eb5d2e09f188a74b,99.99999999999997
0xbb6d1a9ca8e7f56a385c0808e68627d93193dcdc,99.99999999999997
0xbb6f159108476862d7bf0887aa55aa71c46873dd,99.99999999999997
0xbb74a74275ca79b0f808c7a03c65e89735c9fc40,99.99999999999997
0xbb74e912fd38ee047a0bbf8f56fc3b2972ae085a,99.99999999999997
0xbb76b75e7e0e45d08c203378da2a1d40a54e4d17,99.99999999999997
0xbb781308664fb0f2b62f7f6c86b0d9f9f28b7949,99.99999999999997
0xbb7a17a844f70832f7df1afb16d2d26eafabd5c9,99.99999999999997
0xbb87068f8d824c8c968b133cd2cddd68d7bf80de,99.99999999999997
0xbb8cbfb58953458db4f3fb2aceaf8f1873253d79,99.99999999999997
0xbb8f6b7540376000e4fd67e7a73833e9d51f25b7,99.99999999999997
0xbb9250c4d860d15da0015f6cfe041aba4ccdf453,99.99999999999997
0xbb9aa89540b5d77b27e3f0b93089f80882c14006,99.99999999999997
0xbba03ac718c1e7951c3e21bb7b8160fa0c130651,99.99999999999997
0xbba2860cb563c8edd6d5f4ad63abd52d65e14371,99.99999999999997
0xbbaac64b4e4499aa40db238faa8ac00bac50811b,99.99999999999997
0xbbabee715c939351a1b2d32c1069bf90a730e2dc,99.99999999999997
0xbbad79b0033de083e72c768609f3b75faec55e44,99.99999999999997
0xbbadb47c8932487f8aa2f58feaaf0676732cf55b,99.99999999999997
0xbbaff745099019feaf6afd0a5c366ee89790ae7c,99.99999999999997
0xbb40ba744a10c100174eb6384a805b529b4ff05f,99.99999999999997
0xbb40116dd17ac3ce9528ae38b1ebb0ea28c4682f,99.99999999999997
0xbb3afce29e3d52127fab79f4eba64be9e557c0e3,99.99999999999997
0xbb0c5fe23f1612938d53bfa797bd2d52d4ec9f17,99.99999999999997
0xbabe31056c0fe1b704d811b2405f6e9f5ae5e59d,99.99999999999997
0xbac3919c732e1c0aee6b8d6149a1e773bca12b86,99.99999999999997
0xbace5a7e2fc96055d463166a9f6ad781c0f35be8,99.99999999999997
0xbad81e37c8d4657672e4ae61ba5a49084dc5949e,99.99999999999997
0xbae32e9f338a1e3e5d176c43ae2d56d7f3e6c72b,99.99999999999997
0xbaf1214208f26dfbaade2dacb429b7a81b226602,99.99999999999997
0xbaf1f7f2c4a3bd63265f8f4b6050ba0170dac634,99.99999999999997
0xbaf99ed5b5663329fa417953007afcc60f06f781,99.99999999999997
0xbb00900b914c71d7cc0d6c8865359499b9d0b3b6,99.99999999999997
0xbb012f3a95d3ff2e49f7e3bcae836fabd2141380,99.99999999999997
0xbb0c6801aaec048bb7a08ebd3e03b7db2bada307,99.99999999999997
0xbb3515f753b0172fe464f2c4d7193840c08b77c7,99.99999999999997
0xbb0dae91ba723f8d7f3a8a5f4dedfbf03e213f6e,99.99999999999997
0xbb1376cc1c2f4455a3ba5edd39af4e272a4166af,99.99999999999997
0xbb1b54d9419b71967948b3ee67a919a18cb4c4ab,99.99999999999997
0xbb1d287db93ea323a0328d1b58f893ac919b74a2,99.99999999999997
0xbb1e599e15f2bf248732ef060cadffeb6363cc4c,99.99999999999997
0xbb22eb7e30b29f5e15f7eea19b3523e80b730509,99.99999999999997
0xbb269dda52ec5d7d26abc2cfeaf1641456cab562,99.99999999999997
0xbb2c887e8ba8d21b7d9420998149f4d1efba73d1,99.99999999999997
0xbb2e36efabf91bda1ea26b814825f70cd5499e8c,99.99999999999997
0xbb2f033e5be2e7c6be5d19225e1e446705d23e96,99.99999999999997
0xb9bddb84edc270c21b5fb6d130497f238e5f50ae,99.99999999999997
0xb9b8de4b0b7020920c0476ff1d74d6c51aec7796,99.99999999999997
0xb9b78523717e42494c2aa6ad07be9ccb4b09be7a,99.99999999999997
0xb9a8deae8115c7d7b8aed2ce4610c54e023e964f,99.99999999999997
0xb8196b7a3e3afb226c629127735fbbc9b5e0758e,99.99999999999997
0xb819706e897eacf235cdb5048962bd65873202c4,99.99999999999997
0xb81a6be96d71492a02450ab2fbd38ba1c43cf48a,99.99999999999997
0xb8200640a1035ef5bfd21c96c4134844797a8a76,99.99999999999997
0xb825beb4ea6ea1285bb68f7cdafab6ba8bae6dc2,99.99999999999997
0xb831511ec660c2866b90651e77650fe4a5cd4b0d,99.99999999999997
0xb83470cd5850de7e5943c4decc5620d48e4adc9f,99.99999999999997
0xb83632350f631a58a18f798dc4e81b42443c0a8c,99.99999999999997
0xb84792245a4f4cfc00aed0ce74df362023cdcc33,99.99999999999997
0xb84a050e53ad7bdffa7f8fbc1b10283df89b2395,99.99999999999997
0xb850b15649439ee3705e329e3da9e860f33ba4dd,99.99999999999997
0xb8530aa040cd0c8ea86b54a0dc942d883adf3e06,99.99999999999997
0xb853bb280a5c496e0951e595658c4331601c1764,99.99999999999997
0xb85fc393f8d171a4b24a491f4648455de765a2e2,99.99999999999997
0xb8639bee91434ff8d27c8b3ce3dda78ab84a3f23,99.99999999999997
0xb863d861681f58942d973837663374a37839064e,99.99999999999997
0xb864fe7290798ebb149cc6b4593793c2e9f9f65c,99.99999999999997
0xb86a5e504bc52b300cfec4ecdf27569198dd67d9,99.99999999999997
0xb86a765cbe0d800dce25c291dd21cdefa07b4515,99.99999999999997
0xb86b58d33c4c19b91a79086852bd7a57a3c5a320,99.99999999999997
0xb86c67da3191ee9dac01c9bc169637ad0954a4a6,99.99999999999997
0xb86d0b230b6c3b04f71d015e6b940fc0540548b0,99.99999999999997
0xb870ef6d04135c350b30e2f16784f833aea423c9,99.99999999999997
0xb80a65f0c4dad7ac3b585429d63976697bc4741a,99.99999999999997
0xb809b2bbedf95dfd986ccb13822404687ac5b755,99.99999999999997
0xb8091f6190bc4151d23598df0a5d986d0aa1075c,99.99999999999997
0xb7dc196500ba26bdd0a97db6dcbb6f99e119482b,99.99999999999997
0xb7bbfa06eb671fb3d5cf05b5150f2db48830387a,99.99999999999997
0xb7c2e3b4d528afcac730e2a9228c2af508c6070c,99.99999999999997
0xb7c370ba8c562b737fb90ebaa311448060ce52ae,99.99999999999997
0xb7c402c0a74ab7068e4dc06f3eb190cd2196ad22,99.99999999999997
0xb7c5eba0c9c448fc1ff07647ba1bcc6986fdfee4,99.99999999999997
0xb7c90b982808f8c0753457cc35cec5e4f891841b,99.99999999999997
0xb7ce32c17693faad765707e8968592b5f3c50706,99.99999999999997
0xb7cf056ad4a4e9a72893d40e259858667c9e21e7,99.99999999999997
0xb7cff9f13ea4a9485f6b559f533eaeb7dcb462f0,99.99999999999997
0xb7cffe2ac19b9d5705a24cbe14fef5663af905a6,99.99999999999997
0xb7dcf73b96d7cd258c19335e7021d307afde59d5,99.99999999999997
0xb806c4d481d29a73e394a7d22de04ade3d1d4780,99.99999999999997
0xb7e19573c632c3c3b41cf5c5b440369e99036c4d,99.99999999999997
0xb7e56c4f44d42487b73169d6ef727489dda00549,99.99999999999997
0xb7e86c1a81788e4fc15da366743999353325cfd0,99.99999999999997
0xb7f73311a823fa70059cf6e22a842c3bd64c53c3,99.99999999999997
0xb7f8a5bcf79b6bd38c7b2a650d6a3301dc6293cd,99.99999999999997
0xb7fa44c2e964b6eb24893f7082ecc08c8d0c0f87,99.99999999999997
0xb7fae29a6455417345fa2440f551482f9be6c802,99.99999999999997
0xb7fbea7161eecf416eae567ac5d6af6cfe81befa,99.99999999999997
0xb7fee4f0e877a348481355fff757d8a079a2a48b,99.99999999999997
0xb8033778b1b53a16d7a15f5a6bdd71542ed3a86f,99.99999999999997
